{
    "name": "Tips & Tricks",
    "icon": "minecraft:writable_book",
    "category": "patchouli:getting_started",
    "pages": [
        {
            "type": "patchouli:text",
            "text": "In this section I will try to show some tips and tricks that may prove helpful.$(br2)$(l)Fool Proof Cobble Generator $() If you do not want to turn your precious-gollum lava into obsidian, then this fool proof cobble generator is for you!$(li)Dig a 1 x 3 x 1 hole $(li)Place a non-flamable stair as shown"
        },
        {
            "type": "patchouli:multiblock",
            "title": "Fool Proof Cobble Gen",
            "text": "$(li)Waterlog the stair $(li)Place lava as shown $(li)Mine cobble!",
            "multiblock": {
                "pattern": [
                    [ "L0S" ]
                ],
                "mapping": {
                    "G": "minecraft:grass_block",
                    "W": "minecraft:water",
                    "L": "minecraft:lava",
                    "S": "minecraft:cobblestone_stairs[waterlogged=true]"
                },
                "symmetrical": true,
                "enable_visualize": false
            }
        },
        {
            "type": "patchouli:spotlight",
            "item": "emerald_tools:copper_treeaxe",
            "title": "Copper Treeaxe",
            "text": "Make a Copper Treeaxe as soon as you can! The Copper Treeaxe wil attempt to bring down the entire tree when the lowest block is broken."
        },
        {
            "type": "patchouli:text",
            "title": "Lookup Mods",
            "text": "If you want to learn about a particular mod, then open the Mods menu page.$(li)From the main menu page, click on the  Mods icon. From within a world, open Game Menu page ($(o)default Esc key$()).$(li)Click on Mods.$(li)Search for the mod you are interested in.$(li)Click on the mod icon to show the details. You can find issue trackers, website links, and mod settings."
        }
    ]
}