{
  "shears": [],
  "allowDefaultShears": true,
  "revivalBlocks": [
    "minecraft:copper_block"
  ],
  "entities": {
    "allowTameableEntities": true,
    "allowFoxEntities": true,
    "allowHorseBaseEntities": true,
    "fireProofPets": false,
    "drownProofPets": false,
    "blacklistedEntities": [],
    "revivableEntities": [],
    "reviveNamedMobs": true
  },
  "damage": {
    "preventProjectiles": true,
    "preventSwordSweep": true,
    "preventAttack": true,
    "preventExplosions": true,
    "preventHarmingPotions": true,
    "preventBerryBushDamage": false,
    "preventFreezing": false,
    "livingEffects": [
      "minecraft:instant_damage",
      "minecraft:poison"
    ],
    "undeadEffects": [
      "minecraft:instant_health",
      "minecraft:regeneration"
    ]
  }
}