{
  "_comment": "Before changing anything, see https://github.com/Patbox/UniversalGraves#configuration",
  "graveStyle": "player_head",
  "presetHeadLockedTexture": "eyJ0ZXh0dXJlcyI6eyJTS0lOIjp7InVybCI6Imh0dHA6Ly90ZXh0dXJlcy5taW5lY3JhZnQubmV0L3RleHR1cmUvYjdjYWI1NmM4MmNiODFiZGI5OTc5YTQ2NGJjOWQzYmEzZTY3MjJiYTEyMmNmNmM1Mjg3MzAxMGEyYjU5YWVmZSJ9fX0=",
  "presetHeadUnlockedTexture": "eyJ0ZXh0dXJlcyI6eyJTS0lOIjp7InVybCI6Imh0dHA6Ly90ZXh0dXJlcy5taW5lY3JhZnQubmV0L3RleHR1cmUvYjdjYWI1NmM4MmNiODFiZGI5OTc5YTQ2NGJjOWQzYmEzZTY3MjJiYTEyMmNmNmM1Mjg3MzAxMGEyYjU5YWVmZSJ9fX0=",
  "customBlockStateLockedStyles": [
    "minecraft:stone_brick_wall[east=none,north=low,south=low,up=true,waterlogged=false,west=none]",
    "minecraft:stone_brick_wall[east=low,north=none,south=none,up=true,waterlogged=false,west=low]"
  ],
  "customBlockStateUnlockedStyles": [
    "minecraft:mossy_stone_brick_wall[east=none,north=low,south=low,up=true,waterlogged=false,west=none]",
    "minecraft:mossy_stone_brick_wall[east=low,north=none,south=none,up=true,waterlogged=false,west=low]"
  ],
  "customStyleSignText": [
    "<white>${player}",
    "<gray><lang:'text.graves.items_xp':'<white>${item_count}':'<white>${xp}'>",
    "<red><lang:'text.graves.break_time':''>",
    "<white>${break_time}"
  ],
  "customStyleSignProtectedText": [
    "<white>${player}",
    "<gray><lang:'text.graves.items_xp':'<white>${item_count}':'<white>${xp}'>",
    "<blue><lang:'text.graves.protected_time':''>",
    "<white>${protection_time}"
  ],
  "customStyleUpdateRate": 20,
  "isProtected": true,
  "protectionTime": -1,
  "breakingTime": -1,
  "breakEmptyGraves": true,
  "xpStorageType": "percent_points",
  "xpPercentTypeValue": 100.0,
  "replaceAnyBlock": false,
  "createFromPvP": true,
  "createFromVoid": true,
  "createFromCommandDeaths": true,
  "createInClaims": true,
  "dropItemsAfterExpiring": true,
  "shiftClickTakesItems": true,
  "allowAttackersToTakeItems": false,
  "graveTitle": "<lang:'text.graves.players_grave':'${player}'>",
  "hologram": true,
  "hologramOffset": 1.2,
  "hologramProtectedText": [
    "<gold><lang:'text.graves.grave_of':'<white>${player}'>",
    "<yellow>${death_cause}",
    "",
    "<gray><lang:'text.graves.items_xp':'<white>${item_count}':'<white>${xp}'>",
    "<blue><lang:'text.graves.protected_time':'<white>${protection_time}'>",
    "<red><lang:'text.graves.break_time':'<white>${break_time}'>"
  ],
  "hologramText": [
    "<gold><lang:'text.graves.grave_of':'<white>${player}'>",
    "<yellow>${death_cause}",
    "",
    "<gray><lang:'text.graves.items_xp':'<white>${item_count}':'<white>${xp}'>",
    "<blue><lang:'text.graves.not_protected'>",
    "<red><lang:'text.graves.break_time':'<white>${break_time}'>"
  ],
  "guiTitle": "<lang:'text.graves.gui_title':'${player}'>",
  "guiProtectedText": [
    "${position} <gray>(${world})",
    "<yellow>${death_cause}",
    "<gray><lang:'text.graves.items_xp':'<white>${item_count}':'<white>${xp}'>",
    "<blue><lang:'text.graves.protected_time':'<white>${protection_time}'>",
    "<red><lang:'text.graves.break_time':'<white>${break_time}'>"
  ],
  "guiText": [
    "${position} <gray>(${world})",
    "<yellow>${death_cause}",
    "<gray><lang:'text.graves.items_xp':'<white>${item_count}':'<white>${xp}'>",
    "<blue><lang:'text.graves.not_protected'>",
    "<red><lang:'text.graves.break_time':'<white>${break_time}'>"
  ],
  "guiProtectedItem": [
    "chest"
  ],
  "guiItem": [
    "trapped_chest"
  ],
  "messageGraveCreated": "<white><lang:'text.graves.created_at_expire':'<yellow>${position}':'<gray>${world}':'<red>${break_time}'>",
  "messageProtectionEnded": "<red><lang:'text.graves.no_longer_protected':'<gold>${position}':'<white>${world}':'<yellow>${item_count}'>",
  "messageGraveExpired": "<red><lang:'text.graves.expired':'<gold>${position}':'<white>${world}':'<yellow>${item_count}'>",
  "messageGraveBroken": "<gray><lang:'text.graves.somebody_broke':'<white>${position}':'<white>${world}':'<white>${item_count}'>",
  "messageCreationFailed": "<red><lang:'text.graves.creation_failed':'<gold>${position}':'<yellow>${world}'>",
  "messageCreationFailedVoid": "<red><lang:'text.graves.creation_failed_void':'<gold>${position}':'<yellow>${world}'>",
  "messageCreationFailedPvP": "<red><lang:'text.graves.creation_failed_pvp':'<gold>${position}':'<yellow>${world}'>",
  "messageCreationFailedClaim": "<red><lang:'text.graves.creation_failed_claim':'<gold>${position}':'<yellow>${world}'>",
  "yearsText": "y",
  "daysText": "d",
  "hoursText": "h",
  "minutesText": "m",
  "secondsText": "s",
  "infinityText": "∞",
  "worldNameOverrides": {},
  "tryDetectionSoulbound": true,
  "skippedEnchantments": [],
  "CONFIG_VERSION_DONT_TOUCH_THIS": 2
}