{
  "_c1": "Forces resource pack by default",
  "forceResourcePackByDefault": false,
  "_c2": "Toggles Polymer's networking for client",
  "enableNetworkSync": true,
  "_c3": "Enables alternative armor (texture) renderer. Always enabled with Iris/Canvas installed",
  "useAlternativeArmorRenderer": false,
  "_c4": "Toggles visibility of F3 debug info",
  "displayF3Info": true,
  "_c5": "Enables logging of invalid registry ids (BlockStates, Blocks, Items, etc) sent by server",
  "logInvalidServerEntryIds": true
}