{
  //List of furnaces that will be registered when the game starts. WARNING: modifying this file may ruin Fabric Furnace blocks and the contents they contain. Remember to take backups before removing furnaces.
  "furnaceData": [
    {
      "name": "fabric",
      "speedModifier": 1.5,
      "fuelModifier": 1.5,
      "duplicationChance": 0
    },
    {
      "name": "iron",
      "speedModifier": 2.0,
      "fuelModifier": 2.0,
      "duplicationChance": 0
    },
    {
      "name": "gold",
      "speedModifier": 3.0,
      "fuelModifier": 2.0,
      "duplicationChance": 0
    },
    {
      "name": "diamond",
      "speedModifier": 3.5,
      "fuelModifier": 3.0,
      "duplicationChance": 0
    },
    {
      "name": "obsidian",
      "speedModifier": 4.0,
      "fuelModifier": 2.0,
      "duplicationChance": 0
    },
    {
      "name": "nether",
      "speedModifier": 4.5,
      "fuelModifier": 3.5,
      "duplicationChance": 0
    },
    {
      "name": "emerald",
      "speedModifier": 8.0,
      "fuelModifier": 8.0,
      "duplicationChance": 33
    },
    {
      "name": "end",
      "speedModifier": 12.0,
      "fuelModifier": 10.0,
      "duplicationChance": 66
    },
    {
      "name": "ethereal",
      "speedModifier": 32.0,
      "fuelModifier": 16.0,
      "duplicationChance": 100
    }
  ]
}
