{
  "_c1": "Forces resource pack by default",
  "forceResourcePackByDefault": false,
  "_c2": "Toggles Polymer's networking for client",
  "enableNetworkSync": true,
  "_c3": "Enables alternative armor (texture) renderer. Always enabled with Iris/Canvas installed",
  "useAlternativeArmorRenderer": false,
  "_c4": "Toggles visibility of F3 debug info",
  "displayF3Info": true,
  "_c5": "Enables logging of invalid registry ids (BlockStates, Blocks, Items, etc) sent by server",
  "logInvalidServerEntryIds": true,
  "_c6": "Disables Polymer's QoL changes that effects non-visual things",
  "disableNonVisualQualityOfLifeChanges": false,
  "_c7": "Enables experimental support for less standard modded containers, allowing them to display polymer items",
  "experimentalModdedContainerSupport": true,
  "_mod1": "Enable (unstable/not fully working) REI compat. I suggest you to use EMI or JEI for better experience",
  "enableReiCompatibilityLayer": false
}